Workbook

Sheet ☕ Dataset
A1: ☕ COFFEE BREWING METHODS — COMPLETE GUIDE
A2: 13 methods ranked by brew time · Data for educational & analytical use
A3: Method | B3: Brew Time (min) | C3: Caffeine (mg) | D3: Antioxidant Rank (1-5) | E3: Acidity (1-10) | F3: Bitterness (1-10) | G3: Body (1-10) | H3: Complexity | I3: Recommended Equipment | J3: Quick Brewing Guide | K3: Primary Taste | L3: Caffeine Level | M3: Sleep Impact | N3: Score Index
A4: Ristretto | B4: 0.37 | C4: 127 | D4: 4 | E4: 5 | F4: 8 | G4: 9 | H4: High | I4: Espresso Machine | J4: Grind extra-fine → extract 20-25 sec → collect only first 25ml | K4: Sweet, Caramel, Fruity | L4: =IF(C4<=75,"🟢 Low",IF(C4<=150,"🟡 Medium","🔴 High")) -> 🟡 Medium | M4: =IF(C4<=75,"Won't disrupt sleep",IF(C4<=200,"May affect sleep","Avoid after 2 PM")) -> May affect sleep | N4: =ROUND(D4*2 + G4*1.5 - E4 + (10-F4), 1) -> 18.5
A5: Espresso | B5: 0.47 | C5: 124 | D5: 3 | E5: 6 | F5: 7 | G5: 9 | H5: High | I5: Espresso Machine | J5: Grind fine → tamp 15kg → extract 25-30 sec → 36ml yield | K5: Balanced, Chocolate, Nutty | L5: =IF(C5<=75,"🟢 Low",IF(C5<=150,"🟡 Medium","🔴 High")) -> 🟡 Medium | M5: =IF(C5<=75,"Won't disrupt sleep",IF(C5<=200,"May affect sleep","Avoid after 2 PM")) -> May affect sleep | N5: =ROUND(D5*2 + G5*1.5 - E5 + (10-F5), 1) -> 16.5
A6: Lungo | B6: 0.67 | C6: 186 | D6: 5 | E6: 3 | F6: 8 | G6: 6 | H6: High | I6: Espresso Machine | J6: Grind fine → extract longer 35-45 sec → 110ml yield | K6: Bitter, Woody, Spicy | L6: =IF(C6<=75,"🟢 Low",IF(C6<=150,"🟡 Medium","🔴 High")) -> 🔴 High | M6: =IF(C6<=75,"Won't disrupt sleep",IF(C6<=200,"May affect sleep","Avoid after 2 PM")) -> May affect sleep | N6: =ROUND(D6*2 + G6*1.5 - E6 + (10-F6), 1) -> 18
A7: AeroPress | B7: 1.5 | C7: 60 | D7: 1 | E7: 5 | F7: 4 | G7: 5 | H7: Low | I7: AeroPress | J7: Medium grind → water 85°C → steep 1-2 min → press gently 20-30 sec | K7: Clean, Balanced, Sweet | L7: =IF(C7<=75,"🟢 Low",IF(C7<=150,"🟡 Medium","🔴 High")) -> 🟢 Low | M7: =IF(C7<=75,"Won't disrupt sleep",IF(C7<=200,"May affect sleep","Avoid after 2 PM")) -> Won't disrupt sleep | N7: =ROUND(D7*2 + G7*1.5 - E7 + (10-F7), 1) -> 10.5
A8: Siphon | B8: 3.5 | C8: 150 | D8: 2 | E8: 7 | F8: 3 | G8: 5 | H8: High | I8: Siphon Brewer | J8: Heat water to rise → stir 50 sec → remove heat to draw down | K8: Aromatic, Complex, Floral | L8: =IF(C8<=75,"🟢 Low",IF(C8<=150,"🟡 Medium","🔴 High")) -> 🟡 Medium | M8: =IF(C8<=75,"Won't disrupt sleep",IF(C8<=200,"May affect sleep","Avoid after 2 PM")) -> May affect sleep | N8: =ROUND(D8*2 + G8*1.5 - E8 + (10-F8), 1) -> 11.5
A9: Turkish | B9: 3.5 | C9: 180 | D9: 3 | E9: 3 | F9: 8 | G9: 8 | H9: High | I9: Ibrik (Cezve) | J9: Powder-fine grind → heat 2-3 times until foaming → do not stir | K9: Strong, Thick, Spicy, Earthy | L9: =IF(C9<=75,"🟢 Low",IF(C9<=150,"🟡 Medium","🔴 High")) -> 🔴 High | M9: =IF(C9<=75,"Won't disrupt sleep",IF(C9<=200,"May affect sleep","Avoid after 2 PM")) -> May affect sleep | N9: =ROUND(D9*2 + G9*1.5 - E9 + (10-F9), 1) -> 17
A10: Moka Pot | B10: 4 | C10: 548 | D10: 3 | E10: 4 | F10: 6 | G10: 8 | H10: Medium | I10: Moka Pot | J10: Medium-fine grind → medium heat → remove when hissing sound begins | K10: Rich, Chocolatey | L10: =IF(C10<=75,"🟢 Low",IF(C10<=150,"🟡 Medium","🔴 High")) -> 🔴 High | M10: =IF(C10<=75,"Won't disrupt sleep",IF(C10<=200,"May affect sleep","Avoid after 2 PM")) -> Avoid after 2 PM | N10: =ROUND(D10*2 + G10*1.5 - E10 + (10-F10), 1) -> 18
A11: Pour Over | B11: 4.5 | C11: 173 | D11: 2 | E11: 8 | F11: 3 | G11: 4 | H11: High | I11: Pour Over Dripper + Gooseneck Kettle | J11: Medium grind → water 95°C → pour in 5 stages → total 3.5-4 min | K11: Bright, Clean, Fruity, Floral | L11: =IF(C11<=75,"🟢 Low",IF(C11<=150,"🟡 Medium","🔴 High")) -> 🔴 High | M11: =IF(C11<=75,"Won't disrupt sleep",IF(C11<=200,"May affect sleep","Avoid after 2 PM")) -> May affect sleep | N11: =ROUND(D11*2 + G11*1.5 - E11 + (10-F11), 1) -> 9
A12: French Press | B12: 4.5 | C12: 186 | D12: 3 | E12: 4 | F12: 6 | G12: 8 | H12: Low | I12: French Press | J12: Coarse grind → water 93°C → steep 4 min → press slowly 20 sec | K12: Rich, Full-bodied, Bold | L12: =IF(C12<=75,"🟢 Low",IF(C12<=150,"🟡 Medium","🔴 High")) -> 🔴 High | M12: =IF(C12<=75,"Won't disrupt sleep",IF(C12<=200,"May affect sleep","Avoid after 2 PM")) -> May affect sleep | N12: =ROUND(D12*2 + G12*1.5 - E12 + (10-F12), 1) -> 18
A13: Batch Brew | B13: 5 | C13: 150 | D13: 2 | E13: 5 | F13: 4 | G13: 5 | H13: Low | I13: Automatic Dripper | J13: Medium grind → 1:16 ratio → brew 4-5 min → serve immediately | K13: Smooth, Balanced | L13: =IF(C13<=75,"🟢 Low",IF(C13<=150,"🟡 Medium","🔴 High")) -> 🟡 Medium | M13: =IF(C13<=75,"Won't disrupt sleep",IF(C13<=200,"May affect sleep","Avoid after 2 PM")) -> May affect sleep | N13: =ROUND(D13*2 + G13*1.5 - E13 + (10-F13), 1) -> 12.5
A14: Vietnamese Phin | B14: 6.5 | C14: 450 | D14: 3 | E14: 3 | F14: 6 | G14: 7 | H14: Low | I14: Vietnamese Phin | J14: Medium-coarse grind → bloom 30 sec → add water → wait 4-6 min | K14: Bold, Chocolatey, Sweet | L14: =IF(C14<=75,"🟢 Low",IF(C14<=150,"🟡 Medium","🔴 High")) -> 🔴 High | M14: =IF(C14<=75,"Won't disrupt sleep",IF(C14<=200,"May affect sleep","Avoid after 2 PM")) -> Avoid after 2 PM | N14: =ROUND(D14*2 + G14*1.5 - E14 + (10-F14), 1) -> 17.5
A15: Cold Drip | B15: 480 | C15: 75 | D15: 5 | E15: 2 | F15: 2 | G15: 5 | H15: Low | I15: Cold Drip Tower | J15: Medium-coarse grind → 1 drop/sec → wait 8-12 hrs → dilute with ice | K15: Clean, Smooth, Light, Tea-like | L15: =IF(C15<=75,"🟢 Low",IF(C15<=150,"🟡 Medium","🔴 High")) -> 🟢 Low | M15: =IF(C15<=75,"Won't disrupt sleep",IF(C15<=200,"May affect sleep","Avoid after 2 PM")) -> Won't disrupt sleep | N15: =ROUND(D15*2 + G15*1.5 - E15 + (10-F15), 1) -> 23.5
A16: Cold Brew | B16: 1080 | C16: 560 | D16: 2 | E16: 2 | F16: 2 | G16: 6 | H16: Low | I16: Glass Jar + Mesh Filter | J16: Coarse grind → 1:8 ratio → refrigerate 12-24 hrs → filter grounds | K16: Smooth, Sweet, Low-acid, Chocolatey | L16: =IF(C16<=75,"🟢 Low",IF(C16<=150,"🟡 Medium","🔴 High")) -> 🔴 High | M16: =IF(C16<=75,"Won't disrupt sleep",IF(C16<=200,"May affect sleep","Avoid after 2 PM")) -> Avoid after 2 PM | N16: =ROUND(D16*2 + G16*1.5 - E16 + (10-F16), 1) -> 19
A19: 📊 SUMMARY STATISTICS
A20: Fastest Brew | B20: =INDEX(A4:A16,MATCH(MIN(B4:B16),B4:B16,0)) -> Ristretto
A21: Slowest Brew | B21: =INDEX(A4:A16,MATCH(MAX(B4:B16),B4:B16,0)) -> Cold Brew
A22: Highest Caffeine | B22: =INDEX(A4:A16,MATCH(MAX(C4:C16),C4:C16,0)) -> Cold Brew
A23: Avg Caffeine (mg) | B23: =ROUND(AVERAGE(C4:C16),0) -> 228
A24: Avg Acidity | B24: =ROUND(AVERAGE(E4:E16),1) -> 4.4
A25: Avg Bitterness | B25: =ROUND(AVERAGE(F4:F16),1) -> 5.2
A26: Avg Body | B26: =ROUND(AVERAGE(G4:G16),1) -> 6.5

Sheet 📊 Pivot Table
A1: ☕ PIVOT TABLE — COFFEE METRICS BY COMPLEXITY
A2: Aggregated statistics grouped by Complexity level — formulas link dynamically to the Dataset sheet
A3: Complexity | B3: Count | C3: Avg Caffeine (mg) | D3: Avg Acidity | E3: Avg Bitterness | F3: Avg Body | G3: Max Caffeine | H3: Avg Score Index
A4: High | B4: =COUNTIF('☕ Dataset'!H4:H16,"High") -> 6 | C4: =IFERROR(ROUND(AVERAGEIF('☕ Dataset'!H4:H16,"High",'☕ Dataset'!C4:C16),1),"-") -> 156.7 | D4: =IFERROR(ROUND(AVERAGEIF('☕ Dataset'!H4:H16,"High",'☕ Dataset'!E4:E16),1),"-") -> 5.3 | E4: =IFERROR(ROUND(AVERAGEIF('☕ Dataset'!H4:H16,"High",'☕ Dataset'!F4:F16),1),"-") -> 6.2 | F4: =IFERROR(ROUND(AVERAGEIF('☕ Dataset'!H4:H16,"High",'☕ Dataset'!G4:G16),1),"-") -> 6.8 | G4: =IFERROR(maxifs('☕ Dataset'!C4:C16,'☕ Dataset'!H4:H16,"High"),"-") -> - | H4: =IFERROR(ROUND(AVERAGEIF('☕ Dataset'!H4:H16,"High",'☕ Dataset'!N4:N16),1),"-") -> 15.1
A5: Medium | B5: =COUNTIF('☕ Dataset'!H4:H16,"Medium") -> 1 | C5: =IFERROR(ROUND(AVERAGEIF('☕ Dataset'!H4:H16,"Medium",'☕ Dataset'!C4:C16),1),"-") -> 548 | D5: =IFERROR(ROUND(AVERAGEIF('☕ Dataset'!H4:H16,"Medium",'☕ Dataset'!E4:E16),1),"-") -> 4 | E5: =IFERROR(ROUND(AVERAGEIF('☕ Dataset'!H4:H16,"Medium",'☕ Dataset'!F4:F16),1),"-") -> 6 | F5: =IFERROR(ROUND(AVERAGEIF('☕ Dataset'!H4:H16,"Medium",'☕ Dataset'!G4:G16),1),"-") -> 8 | G5: =IFERROR(maxifs('☕ Dataset'!C4:C16,'☕ Dataset'!H4:H16,"Medium"),"-") -> - | H5: =IFERROR(ROUND(AVERAGEIF('☕ Dataset'!H4:H16,"Medium",'☕ Dataset'!N4:N16),1),"-") -> 18
A6: Low | B6: =COUNTIF('☕ Dataset'!H4:H16,"Low") -> 6 | C6: =IFERROR(ROUND(AVERAGEIF('☕ Dataset'!H4:H16,"Low",'☕ Dataset'!C4:C16),1),"-") -> 246.8 | D6: =IFERROR(ROUND(AVERAGEIF('☕ Dataset'!H4:H16,"Low",'☕ Dataset'!E4:E16),1),"-") -> 3.5 | E6: =IFERROR(ROUND(AVERAGEIF('☕ Dataset'!H4:H16,"Low",'☕ Dataset'!F4:F16),1),"-") -> 4 | F6: =IFERROR(ROUND(AVERAGEIF('☕ Dataset'!H4:H16,"Low",'☕ Dataset'!G4:G16),1),"-") -> 6 | G6: =IFERROR(maxifs('☕ Dataset'!C4:C16,'☕ Dataset'!H4:H16,"Low"),"-") -> - | H6: =IFERROR(ROUND(AVERAGEIF('☕ Dataset'!H4:H16,"Low",'☕ Dataset'!N4:N16),1),"-") -> 16.8
A7: ALL | B7: =COUNTA('☕ Dataset'!A4:A16) -> 13 | C7: =ROUND(AVERAGE('☕ Dataset'!C4:C16),1) -> 228.4 | D7: =ROUND(AVERAGE('☕ Dataset'!E4:E16),1) -> 4.4 | E7: =ROUND(AVERAGE('☕ Dataset'!F4:F16),1) -> 5.2 | F7: =ROUND(AVERAGE('☕ Dataset'!G4:G16),1) -> 6.5 | G7: =MAX('☕ Dataset'!C4:C16) -> 560 | H7: =ROUND(AVERAGE('☕ Dataset'!N4:N16),1) -> 16.1
A9: 🟤 High = espresso-machine methods
A10: 🟡 Medium = stovetop methods
A11: 🟢 Low = immersion / slow methods
A14: ☕ PIVOT TABLE — BY CAFFEINE LEVEL
A15: Caffeine Level | B15: Count | C15: Avg Brew Time (min) | D15: Avg Acidity | E15: Avg Body | F15: Avg Bitterness | G15: Avg Antioxidant | H15: Complexity Mix
A16: 🟢 Low (≤75mg) | B16: =COUNTIF('☕ Dataset'!C4:C16,"<=75") -> 2 | C16: =IFERROR(ROUND(AVERAGEIF('☕ Dataset'!C4:C16,"<=75",'☕ Dataset'!B4:B16),1),"-") -> 240.8 | D16: =IFERROR(ROUND(AVERAGEIF('☕ Dataset'!C4:C16,"<=75",'☕ Dataset'!E4:E16),1),"-") -> 3.5 | E16: =IFERROR(ROUND(AVERAGEIF('☕ Dataset'!C4:C16,"<=75",'☕ Dataset'!G4:G16),1),"-") -> 5 | F16: =IFERROR(ROUND(AVERAGEIF('☕ Dataset'!C4:C16,"<=75",'☕ Dataset'!F4:F16),1),"-") -> 3 | G16: =IFERROR(ROUND(AVERAGEIF('☕ Dataset'!C4:C16,"<=75",'☕ Dataset'!D4:D16),1),"-") -> 3 | H16: Low-complexity dominant
A17: 🟡 Medium (76-200mg) | B17: =COUNTIFS('☕ Dataset'!C4:C16,">75",'☕ Dataset'!C4:C16,"<=200") -> 8 | C17: =IFERROR(ROUND(AVERAGEIFS('☕ Dataset'!B4:B16,'☕ Dataset'!C4:C16,">75",'☕ Dataset'!C4:C16,"<=200"),1),"-") -> 2.8 | D17: =IFERROR(ROUND(AVERAGEIFS('☕ Dataset'!E4:E16,'☕ Dataset'!C4:C16,">75",'☕ Dataset'!C4:C16,"<=200"),1),"-") -> 5.1 | E17: =IFERROR(ROUND(AVERAGEIFS('☕ Dataset'!G4:G16,'☕ Dataset'!C4:C16,">75",'☕ Dataset'!C4:C16,"<=200"),1),"-") -> 6.8 | F17: =IFERROR(ROUND(AVERAGEIFS('☕ Dataset'!F4:F16,'☕ Dataset'!C4:C16,">75",'☕ Dataset'!C4:C16,"<=200"),1),"-") -> 5.9 | G17: =IFERROR(ROUND(AVERAGEIFS('☕ Dataset'!D4:D16,'☕ Dataset'!C4:C16,">75",'☕ Dataset'!C4:C16,"<=200"),1),"-") -> 3 | H17: High-complexity dominant
A18: 🔴 High (>200mg) | B18: =COUNTIF('☕ Dataset'!C4:C16,">200") -> 3 | C18: =IFERROR(ROUND(AVERAGEIF('☕ Dataset'!C4:C16,">200",'☕ Dataset'!B4:B16),1),"-") -> 363.5 | D18: =IFERROR(ROUND(AVERAGEIF('☕ Dataset'!C4:C16,">200",'☕ Dataset'!E4:E16),1),"-") -> 3 | E18: =IFERROR(ROUND(AVERAGEIF('☕ Dataset'!C4:C16,">200",'☕ Dataset'!G4:G16),1),"-") -> 7 | F18: =IFERROR(ROUND(AVERAGEIF('☕ Dataset'!C4:C16,">200",'☕ Dataset'!F4:F16),1),"-") -> 4.7 | G18: =IFERROR(ROUND(AVERAGEIF('☕ Dataset'!C4:C16,">200",'☕ Dataset'!D4:D16),1),"-") -> 2.7 | H18: Mix of all complexity

Sheet 🔍 VLOOKUP Tool
A1: ☕ VLOOKUP — COFFEE METHOD QUICK LOOKUP
A2: Type a method name in the yellow cell → all stats populate automatically via VLOOKUP
A4: 🔎 Enter Method Name: | C4: Espresso
A7: Brew Time (min) | C7: =IFERROR(VLOOKUP($C$4,'☕ Dataset'!$A$4:$N$16,2,FALSE()),"⚠ Method not found") -> 0.47
A8: Caffeine (mg) | C8: =IFERROR(VLOOKUP($C$4,'☕ Dataset'!$A$4:$N$16,3,FALSE()),"⚠ Method not found") -> 124
A9: Antioxidant Rank (1-5) | C9: =IFERROR(VLOOKUP($C$4,'☕ Dataset'!$A$4:$N$16,4,FALSE()),"⚠ Method not found") -> 3
A10: Acidity (1-10) | C10: =IFERROR(VLOOKUP($C$4,'☕ Dataset'!$A$4:$N$16,5,FALSE()),"⚠ Method not found") -> 6
A11: Bitterness (1-10) | C11: =IFERROR(VLOOKUP($C$4,'☕ Dataset'!$A$4:$N$16,6,FALSE()),"⚠ Method not found") -> 7
A12: Body (1-10) | C12: =IFERROR(VLOOKUP($C$4,'☕ Dataset'!$A$4:$N$16,7,FALSE()),"⚠ Method not found") -> 9
A13: Complexity | C13: =IFERROR(VLOOKUP($C$4,'☕ Dataset'!$A$4:$N$16,8,FALSE()),"⚠ Method not found") -> High
A14: Equipment | C14: =IFERROR(VLOOKUP($C$4,'☕ Dataset'!$A$4:$N$16,9,FALSE()),"⚠ Method not found") -> Espresso Machine
A15: Brewing Guide | C15: =IFERROR(VLOOKUP($C$4,'☕ Dataset'!$A$4:$N$16,10,FALSE()),"⚠ Method not found") -> Grind fine → tamp 15kg → extract 25-30 sec → 36ml yield
A16: Primary Taste | C16: =IFERROR(VLOOKUP($C$4,'☕ Dataset'!$A$4:$N$16,11,FALSE()),"⚠ Method not found") -> Balanced, Chocolate, Nutty
A17: Caffeine Level | C17: =IFERROR(VLOOKUP($C$4,'☕ Dataset'!$A$4:$N$16,12,FALSE()),"⚠ Method not found") -> 🟡 Medium
A18: Sleep Impact | C18: =IFERROR(VLOOKUP($C$4,'☕ Dataset'!$A$4:$N$16,13,FALSE()),"⚠ Method not found") -> May affect sleep
A19: Score Index | C19: =IFERROR(VLOOKUP($C$4,'☕ Dataset'!$A$4:$N$16,14,FALSE()),"⚠ Method not found") -> 16.5
A23: 📋 VALID METHOD NAMES (copy & paste into yellow cell above)
A24: Ristretto | B24: Espresso | D24: Lungo | E24: AeroPress
A25: Siphon | B25: Turkish | D25: Moka Pot | E25: Pour Over
A26: French Press | B26: Batch Brew | D26: Vietnamese Phin | E26: Cold Drip
A27: Cold Brew

Sheet ⭐ Skill Ratings
A1: ⭐ SKILL RATINGS — SENSORY PROFILE DASHBOARD
A2: Visual rating bars per method · Colour-coded by intensity
A3: Method | B3: Caffeine (mg) | C3: Acidity (1-10) | D3: Bitterness (1-10) | E3: Body (1-10) | F3: Equipment | G3: Skill Level | H3: Sleep Risk
A4: Ristretto | B4: 127 | C4: 5 | D4: 8 | E4: 9 | F4: Espresso Machine | G4: =IF(C4+D4>=14,"🔴 Expert",IF(C4+D4>=10,"🟡 Intermediate","🟢 Beginner")) -> 🟡 Intermediate | H4: =IF(B4>300,"🔴 High Risk",IF(B4>150,"🟡 Moderate","🟢 Low Risk")) -> 🟢 Low Risk
A5: Espresso | B5: 124 | C5: 6 | D5: 7 | E5: 9 | F5: Espresso Machine | G5: =IF(C5+D5>=14,"🔴 Expert",IF(C5+D5>=10,"🟡 Intermediate","🟢 Beginner")) -> 🟡 Intermediate | H5: =IF(B5>300,"🔴 High Risk",IF(B5>150,"🟡 Moderate","🟢 Low Risk")) -> 🟢 Low Risk
A6: Lungo | B6: 186 | C6: 3 | D6: 8 | E6: 6 | F6: Espresso Machine | G6: =IF(C6+D6>=14,"🔴 Expert",IF(C6+D6>=10,"🟡 Intermediate","🟢 Beginner")) -> 🟡 Intermediate | H6: =IF(B6>300,"🔴 High Risk",IF(B6>150,"🟡 Moderate","🟢 Low Risk")) -> 🟡 Moderate
A7: AeroPress | B7: 60 | C7: 5 | D7: 4 | E7: 5 | F7: AeroPress | G7: =IF(C7+D7>=14,"🔴 Expert",IF(C7+D7>=10,"🟡 Intermediate","🟢 Beginner")) -> 🟢 Beginner | H7: =IF(B7>300,"🔴 High Risk",IF(B7>150,"🟡 Moderate","🟢 Low Risk")) -> 🟢 Low Risk
A8: Siphon | B8: 150 | C8: 7 | D8: 3 | E8: 5 | F8: Siphon Brewer | G8: =IF(C8+D8>=14,"🔴 Expert",IF(C8+D8>=10,"🟡 Intermediate","🟢 Beginner")) -> 🟡 Intermediate | H8: =IF(B8>300,"🔴 High Risk",IF(B8>150,"🟡 Moderate","🟢 Low Risk")) -> 🟢 Low Risk
A9: Turkish | B9: 180 | C9: 3 | D9: 8 | E9: 8 | F9: Ibrik (Cezve) | G9: =IF(C9+D9>=14,"🔴 Expert",IF(C9+D9>=10,"🟡 Intermediate","🟢 Beginner")) -> 🟡 Intermediate | H9: =IF(B9>300,"🔴 High Risk",IF(B9>150,"🟡 Moderate","🟢 Low Risk")) -> 🟡 Moderate
A10: Moka Pot | B10: 548 | C10: 4 | D10: 6 | E10: 8 | F10: Moka Pot | G10: =IF(C10+D10>=14,"🔴 Expert",IF(C10+D10>=10,"🟡 Intermediate","🟢 Beginner")) -> 🟡 Intermediate | H10: =IF(B10>300,"🔴 High Risk",IF(B10>150,"🟡 Moderate","🟢 Low Risk")) -> 🔴 High Risk
A11: Pour Over | B11: 173 | C11: 8 | D11: 3 | E11: 4 | F11: Pour Over Dripper | G11: =IF(C11+D11>=14,"🔴 Expert",IF(C11+D11>=10,"🟡 Intermediate","🟢 Beginner")) -> 🟡 Intermediate | H11: =IF(B11>300,"🔴 High Risk",IF(B11>150,"🟡 Moderate","🟢 Low Risk")) -> 🟡 Moderate
A12: French Press | B12: 186 | C12: 4 | D12: 6 | E12: 8 | F12: French Press | G12: =IF(C12+D12>=14,"🔴 Expert",IF(C12+D12>=10,"🟡 Intermediate","🟢 Beginner")) -> 🟡 Intermediate | H12: =IF(B12>300,"🔴 High Risk",IF(B12>150,"🟡 Moderate","🟢 Low Risk")) -> 🟡 Moderate
A13: Batch Brew | B13: 150 | C13: 5 | D13: 4 | E13: 5 | F13: Automatic Dripper | G13: =IF(C13+D13>=14,"🔴 Expert",IF(C13+D13>=10,"🟡 Intermediate","🟢 Beginner")) -> 🟢 Beginner | H13: =IF(B13>300,"🔴 High Risk",IF(B13>150,"🟡 Moderate","🟢 Low Risk")) -> 🟢 Low Risk
A14: Vietnamese Phin | B14: 450 | C14: 3 | D14: 6 | E14: 7 | F14: Vietnamese Phin | G14: =IF(C14+D14>=14,"🔴 Expert",IF(C14+D14>=10,"🟡 Intermediate","🟢 Beginner")) -> 🟢 Beginner | H14: =IF(B14>300,"🔴 High Risk",IF(B14>150,"🟡 Moderate","🟢 Low Risk")) -> 🔴 High Risk
A15: Cold Drip | B15: 75 | C15: 2 | D15: 2 | E15: 5 | F15: Cold Drip Tower | G15: =IF(C15+D15>=14,"🔴 Expert",IF(C15+D15>=10,"🟡 Intermediate","🟢 Beginner")) -> 🟢 Beginner | H15: =IF(B15>300,"🔴 High Risk",IF(B15>150,"🟡 Moderate","🟢 Low Risk")) -> 🟢 Low Risk
A16: Cold Brew | B16: 560 | C16: 2 | D16: 2 | E16: 6 | F16: Glass Jar | G16: =IF(C16+D16>=14,"🔴 Expert",IF(C16+D16>=10,"🟡 Intermediate","🟢 Beginner")) -> 🟢 Beginner | H16: =IF(B16>300,"🔴 High Risk",IF(B16>150,"🟡 Moderate","🟢 Low Risk")) -> 🔴 High Risk

Sheet 🎯 Brew Selector
A1: 🎯 BREW SELECTOR — FIND YOUR PERFECT COFFEE
A2: Adjust the sliders (yellow cells) and your perfect method appears automatically
A4: ⚙️ YOUR PREFERENCES | C4: 🎯 RECOMMENDED METHODS
A5: Max Brew Time (min) | B5: 10 | C5: Method | D5: Brew Time | E5: Caffeine | F5: Body | G5: Bitterness | H5: Acidity
A6: Max Caffeine (mg) | B6: 300 | C6: =IF(AND(0.37<=$B$5,127<=$B$6,9>=$B$7,8<=$B$8,5<=$B$9),"Ristretto","—") -> — | D6: 0.37 | E6: 127 | F6: 9 | G6: 8 | H6: 5
A7: Min Body Score (1-10) | B7: 5 | C7: =IF(AND(0.47<=$B$5,124<=$B$6,9>=$B$7,7<=$B$8,6<=$B$9),"Espresso","—") -> Espresso | D7: 0.47 | E7: 124 | F7: 9 | G7: 7 | H7: 6
A8: Max Bitterness (1-10) | B8: 7 | C8: =IF(AND(0.67<=$B$5,186<=$B$6,6>=$B$7,8<=$B$8,3<=$B$9),"Lungo","—") -> — | D8: 0.67 | E8: 186 | F8: 6 | G8: 8 | H8: 3
A9: Max Acidity (1-10) | B9: 7 | C9: =IF(AND(1.5<=$B$5,60<=$B$6,5>=$B$7,4<=$B$8,5<=$B$9),"AeroPress","—") -> AeroPress | D9: 1.5 | E9: 60 | F9: 5 | G9: 4 | H9: 5
C10: =IF(AND(3.5<=$B$5,150<=$B$6,5>=$B$7,3<=$B$8,7<=$B$9),"Siphon","—") -> Siphon | D10: 3.5 | E10: 150 | F10: 5 | G10: 3 | H10: 7
A11: 📌 HOW TO USE | C11: =IF(AND(3.5<=$B$5,180<=$B$6,8>=$B$7,8<=$B$8,3<=$B$9),"Turkish","—") -> — | D11: 3.5 | E11: 180 | F11: 8 | G11: 8 | H11: 3
A12: 1. Edit yellow cells (B5:B9) | C12: =IF(AND(4<=$B$5,548<=$B$6,8>=$B$7,6<=$B$8,4<=$B$9),"Moka Pot","—") -> — | D12: 4 | E12: 548 | F12: 8 | G12: 6 | H12: 4
A13: 2. Green rows = matching methods | C13: =IF(AND(4.5<=$B$5,173<=$B$6,4>=$B$7,3<=$B$8,8<=$B$9),"Pour Over","—") -> — | D13: 4.5 | E13: 173 | F13: 4 | G13: 3 | H13: 8
A14: 3. '—' = doesn't match your prefs | C14: =IF(AND(4.5<=$B$5,186<=$B$6,8>=$B$7,6<=$B$8,4<=$B$9),"French Press","—") -> French Press | D14: 4.5 | E14: 186 | F14: 8 | G14: 6 | H14: 4
A15: 4. Try relaxing filters for more options | C15: =IF(AND(5<=$B$5,150<=$B$6,5>=$B$7,4<=$B$8,5<=$B$9),"Batch Brew","—") -> Batch Brew | D15: 5 | E15: 150 | F15: 5 | G15: 4 | H15: 5
A16: 5. Brew Time in minutes (480=8hrs) | C16: =IF(AND(6.5<=$B$5,450<=$B$6,7>=$B$7,6<=$B$8,3<=$B$9),"Viet. Phin","—") -> — | D16: 6.5 | E16: 450 | F16: 7 | G16: 6 | H16: 3
C17: =IF(AND(480<=$B$5,75<=$B$6,5>=$B$7,2<=$B$8,2<=$B$9),"Cold Drip","—") -> — | D17: 480 | E17: 75 | F17: 5 | G17: 2 | H17: 2
C18: =IF(AND(1080<=$B$5,560<=$B$6,6>=$B$7,2<=$B$8,2<=$B$9),"Cold Brew","—") -> — | D18: 1080 | E18: 560 | F18: 6 | G18: 2 | H18: 2
